accountsservice					
accountsservice-ubuntu-schemas			
acl						
acpi-support					
acpid						
activity-log-manager				
adduser						
adwaita-icon-theme				
aisleriot					
alsa-base					
alsa-topology-conf				
alsa-ucm-conf					
alsa-utils					
amd64-microcode					
anacron						
anydesk						
apg						
app-install-data-partner			
apparmor					
apport						
apport-gtk					
apport-symptoms					
appstream					
apt						
apt-config-icons				
apt-config-icons-hidpi				
apt-transport-https				
apt-utils					
aptdaemon					
aptdaemon-data					
aptitude					
aptitude-common					
apturl						
apturl-common					
aspell						
aspell-en					
at-spi2-core					
atril						
atril-common					
avahi-autoipd					
avahi-daemon					
avahi-utils					
baobab						
base-files					
base-passwd					
bash						
bash-completion					
bc						
bind9-dnsutils					
bind9-host					
bind9-libs:amd64				
binutils					
binutils-common:amd64				
binutils-x86-64-linux-gnu			
bison						
bluez						
bluez-cups					
bluez-obexd					
bolt						
branding-ubuntu					
brltty						
bsdmainutils					
bsdutils					
bubblewrap					
build-essential					
busybox-initramfs				
busybox-static					
bzip2						
ca-certificates					
ca-certificates-java				
cabextract					
calf-plugins					
cheese						
cheese-common					
chrome-gnome-shell				
chromium-codecs-ffmpeg-extra			
code						
colord						
colord-data					
command-not-found				
console-setup					
console-setup-linux				
coreutils					
cpio						
cpp						
cpp-7						
cpp-9						
cracklib-runtime				
crda						
cron						
cups						
cups-browsed					
cups-bsd					
cups-client					
cups-common					
cups-core-drivers				
cups-daemon					
cups-filters					
cups-filters-core-drivers			
cups-ipp-utils					
cups-pk-helper					
cups-ppdc					
cups-server-common				
curl						
dash						
dbus						
dbus-user-session				
dbus-x11					
dc						
dconf-cli					
dconf-gsettings-backend:amd64			
dconf-service					
debconf						
debconf-i18n					
debianutils					
default-jdk					
default-jdk-headless				
default-jre					
default-jre-headless				
deja-dup					
desktop-file-utils				
dictionaries-common				
diffutils					
dirmngr						
distro-info-data				
dmidecode					
dmsetup						
dmz-cursor-theme				
dns-root-data					
dnsmasq-base					
dnsutils					
docbook-xml					
dosfstools					
dpkg						
dpkg-dev					
duplicity					
e2fsprogs					
ed						
efibootmgr					
eject						
emacsen-common					
enchant-2					
eog						
espeak-ng-data:amd64				
evince						
evince-common					
evolution-data-server				
evolution-data-server-common			
fakeroot					
fdisk						
ffmpeg						
file						
file-roller					
findutils					
firefox						
firefox-locale-en				
flatpak						
flex						
fontconfig					
fontconfig-config				
fonts-beng					
fonts-beng-extra				
fonts-dejavu-core				
fonts-dejavu-extra				
fonts-deva					
fonts-deva-extra				
fonts-droid-fallback				
fonts-font-awesome				
fonts-freefont-ttf				
fonts-gargi					
fonts-glyphicons-halflings			
fonts-gubbi					
fonts-gujr					
fonts-gujr-extra				
fonts-guru					
fonts-guru-extra				
fonts-indic					
fonts-inter					
fonts-kacst					
fonts-kacst-one					
fonts-kalapi					
fonts-khmeros-core				
fonts-knda					
fonts-lao					
fonts-liberation				
fonts-liberation2				
fonts-lklug-sinhala				
fonts-lohit-beng-assamese			
fonts-lohit-beng-bengali			
fonts-lohit-deva				
fonts-lohit-gujr				
fonts-lohit-guru				
fonts-lohit-knda				
fonts-lohit-mlym				
fonts-lohit-orya				
fonts-lohit-taml				
fonts-lohit-taml-classical			
fonts-lohit-telu				
fonts-mathjax					
fonts-mlym					
fonts-nakula					
fonts-navilu					
fonts-noto-cjk					
fonts-noto-color-emoji				
fonts-noto-mono					
fonts-opensymbol				
fonts-orya					
fonts-orya-extra				
fonts-pagul					
fonts-sahadeva					
fonts-samyak-deva				
fonts-samyak-gujr				
fonts-samyak-mlym				
fonts-samyak-taml				
fonts-sarai					
fonts-sil-abyssinica				
fonts-sil-padauk				
fonts-smc					
fonts-smc-anjalioldlipi				
fonts-smc-chilanka				
fonts-smc-dyuthi				
fonts-smc-gayathri				
fonts-smc-karumbi				
fonts-smc-keraleeyam				
fonts-smc-manjari				
fonts-smc-meera					
fonts-smc-rachana				
fonts-smc-raghumalayalamsans			
fonts-smc-suruma				
fonts-smc-uroob					
fonts-taml					
fonts-telu					
fonts-telu-extra				
fonts-thai-tlwg					
fonts-tibetan-machine				
fonts-tlwg-garuda				
fonts-tlwg-garuda-ttf				
fonts-tlwg-kinnari				
fonts-tlwg-kinnari-ttf				
fonts-tlwg-laksaman				
fonts-tlwg-laksaman-ttf				
fonts-tlwg-loma					
fonts-tlwg-loma-ttf				
fonts-tlwg-mono					
fonts-tlwg-mono-ttf				
fonts-tlwg-norasi				
fonts-tlwg-norasi-ttf				
fonts-tlwg-purisa				
fonts-tlwg-purisa-ttf				
fonts-tlwg-sawasdee				
fonts-tlwg-sawasdee-ttf				
fonts-tlwg-typewriter				
fonts-tlwg-typewriter-ttf			
fonts-tlwg-typist				
fonts-tlwg-typist-ttf				
fonts-tlwg-typo					
fonts-tlwg-typo-ttf				
fonts-tlwg-umpush				
fonts-tlwg-umpush-ttf				
fonts-tlwg-waree				
fonts-tlwg-waree-ttf				
fonts-ubuntu					
fonts-urw-base35				
fonts-yrsa-rasa					
foomatic-db-compressed-ppds			
fprintd						
friendly-recovery				
ftp						
fuse						
fwupd						
fwupd-signed					
g++						
g++-9						
gamemode					
gawk						
gcc						
gcc-10-base:amd64				
gcc-10-base:i386				
gcc-7						
gcc-7-base:amd64				
gcc-8-base:amd64				
gcc-9						
gcc-9-base:amd64				
gconf-service					
gconf-service-backend				
gconf2						
gconf2-common					
gcr						
gdb						
gdbserver					
gdisk						
gdm3						
gedit						
gedit-common					
genisoimage					
geoclue-2.0					
gettext-base					
gfortran					
gfortran-9					
ghostscript					
ghostscript-x					
gir1.2-accountsservice-1.0			
gir1.2-atk-1.0:amd64				
gir1.2-atspi-2.0:amd64				
gir1.2-clutter-1.0:amd64			
gir1.2-cogl-1.0:amd64				
gir1.2-coglpango-1.0:amd64			
gir1.2-dbusmenu-glib-0.4:amd64			
gir1.2-dee-1.0					
gir1.2-freedesktop:amd64			
gir1.2-gck-1:amd64				
gir1.2-gcr-3:amd64				
gir1.2-gdesktopenums-3.0:amd64			
gir1.2-gdkpixbuf-2.0:amd64			
gir1.2-gdm-1.0:amd64				
gir1.2-geoclue-2.0:amd64			
gir1.2-geocodeglib-1.0:amd64			
gir1.2-glib-2.0:amd64				
gir1.2-gmenu-3.0:amd64				
gir1.2-gnomebluetooth-1.0:amd64			
gir1.2-gnomedesktop-3.0:amd64			
gir1.2-goa-1.0:amd64				
gir1.2-graphene-1.0:amd64			
gir1.2-gst-plugins-bad-1.0:amd64		
gir1.2-gst-plugins-base-1.0:amd64		
gir1.2-gstreamer-1.0:amd64			
gir1.2-gtk-3.0:amd64				
gir1.2-gtksource-4:amd64			
gir1.2-gudev-1.0:amd64				
gir1.2-gweather-3.0:amd64			
gir1.2-handy-0.0:amd64				
gir1.2-ibus-1.0:amd64				
gir1.2-javascriptcoregtk-4.0:amd64		
gir1.2-json-1.0:amd64				
gir1.2-mutter-6:amd64				
gir1.2-nm-1.0:amd64				
gir1.2-nma-1.0:amd64				
gir1.2-notify-0.7:amd64				
gir1.2-packagekitglib-1.0			
gir1.2-pango-1.0:amd64				
gir1.2-peas-1.0:amd64				
gir1.2-polkit-1.0				
gir1.2-rb-3.0:amd64				
gir1.2-rsvg-2.0:amd64				
gir1.2-secret-1:amd64				
gir1.2-snapd-1:amd64				
gir1.2-soup-2.4:amd64				
gir1.2-totem-1.0:amd64				
gir1.2-totemplparser-1.0:amd64			
gir1.2-udisks-2.0:amd64				
gir1.2-unity-5.0:amd64				
gir1.2-upowerglib-1.0:amd64			
gir1.2-vte-2.91:amd64				
gir1.2-webkit2-4.0:amd64			
gir1.2-wnck-3.0:amd64				
git						
git-man						
gjs						
gkbd-capplet					
glib-networking:amd64				
glib-networking-common				
glib-networking-services			
gnome-accessibility-themes			
gnome-bluetooth					
gnome-calculator				
gnome-calendar					
gnome-characters				
gnome-control-center				
gnome-control-center-data			
gnome-control-center-faces			
gnome-desktop3-data				
gnome-disk-utility				
gnome-font-viewer				
gnome-getting-started-docs			
gnome-initial-setup				
gnome-keyring					
gnome-keyring-pkcs11:amd64			
gnome-logs					
gnome-mahjongg					
gnome-menus					
gnome-mines					
gnome-online-accounts				
gnome-power-manager				
gnome-screensaver				
gnome-screenshot				
gnome-session-bin				
gnome-session-canberra				
gnome-session-common				
gnome-settings-daemon				
gnome-settings-daemon-common			
gnome-shell					
gnome-shell-common				
gnome-shell-extension-appindicator		
gnome-shell-extension-desktop-icons		
gnome-shell-extension-prefs			
gnome-shell-extension-ubuntu-dock		
gnome-shell-extensions				
gnome-startup-applications			
gnome-sudoku					
gnome-system-monitor				
gnome-terminal					
gnome-terminal-data				
gnome-themes-extra:amd64			
gnome-themes-extra-data				
gnome-todo					
gnome-todo-common				
gnome-tweak-tool				
gnome-tweaks					
gnome-user-docs					
gnome-video-effects				
gnupg						
gnupg-l10n					
gnupg-utils					
google-chrome-stable				
gpg						
gpg-agent					
gpg-wks-client					
gpg-wks-server					
gpgconf						
gpgsm						
gpgv						
grep						
grilo-plugins-0.3-base:amd64			
groff-base					
gromacs						
gromacs-data					
grub-common					
grub-efi-amd64-bin				
grub-efi-amd64-signed				
grub-gfxpayload-lists				
grub-pc						
grub-pc-bin					
grub2-common					
gsettings-desktop-schemas			
gsettings-ubuntu-schemas			
gstreamer1.0-adapter-pulseeffects:amd64		
gstreamer1.0-alsa:amd64				
gstreamer1.0-autogain-pulseeffects:amd64	
gstreamer1.0-clutter-3.0:amd64			
gstreamer1.0-convolver-pulseeffects:amd64	
gstreamer1.0-crystalizer-pulseeffects:amd64	
gstreamer1.0-gl:amd64				
gstreamer1.0-gtk3:amd64				
gstreamer1.0-libav:amd64			
gstreamer1.0-packagekit				
gstreamer1.0-plugins-bad:amd64			
gstreamer1.0-plugins-base:amd64			
gstreamer1.0-plugins-base-apps			
gstreamer1.0-plugins-good:amd64			
gstreamer1.0-plugins-ugly:amd64			
gstreamer1.0-pulseaudio:amd64			
gstreamer1.0-tools				
gstreamer1.0-vaapi:amd64			
gstreamer1.0-x:amd64				
gtk-update-icon-cache				
gtk2-engines-murrine:amd64			
gtk2-engines-pixbuf:amd64			
guile-2.2-libs:amd64				
gvfs:amd64					
gvfs-backends					
gvfs-bin					
gvfs-common					
gvfs-daemons					
gvfs-fuse					
gvfs-libs:amd64					
gyp						
gzip						
hdfview						
hdparm						
heroku						
hicolor-icon-theme				
hostname					
hplip						
hplip-data					
humanity-icon-theme				
hunspell-en-au					
hunspell-en-ca					
hunspell-en-gb					
hunspell-en-us					
hunspell-en-za					
hyphen-en-ca					
hyphen-en-gb					
hyphen-en-us					
i965-va-driver:amd64				
ibus						
ibus-data					
ibus-gtk:amd64					
ibus-gtk3:amd64					
ibus-table					
icu-devtools					
iio-sensor-proxy				
im-config					
indicator-applet				
indicator-application				
indicator-appmenu				
indicator-bluetooth				
indicator-common				
indicator-datetime				
indicator-keyboard				
indicator-messages				
indicator-power					
indicator-printers				
indicator-session				
indicator-sound					
info						
init						
init-system-helpers				
initramfs-tools					
initramfs-tools-bin				
initramfs-tools-core				
inputattach					
install-info					
intel-media-va-driver:amd64			
intel-microcode					
ippusbxd					
iproute2					
iptables					
iputils-ping					
iputils-tracepath				
irqbalance					
isc-dhcp-client					
isc-dhcp-common					
iso-codes					
iucode-tool					
iw						
java-common					
java-wrappers					
javascript-common				
jayatana					
julia						
julia-common					
jupyter-core					
jupyter-nbextension-jupyter-js-widgets		
jupyter-notebook				
kbd						
kerneloops					
keyboard-configuration				
klibc-utils					
kmod						
krb5-locales					
language-pack-en				
language-pack-en-base				
language-pack-gnome-en				
language-pack-gnome-en-base			
language-selector-common			
language-selector-gnome				
laptop-detect					
less						
liba52-0.7.4:amd64				
libaa1:amd64					
libaacs0:amd64					
libabw-0.1-1:amd64				
libaccounts-glib0:amd64				
libaccountsservice0:amd64			
libacl1:amd64					
libaec0:amd64					
libalgorithm-c3-perl				
libalgorithm-diff-perl				
libalgorithm-diff-xs-perl			
libalgorithm-merge-perl				
libamtk-5-0:amd64				
libamtk-5-common				
libany-uri-escape-perl				
libao-common					
libao4:amd64					
libaom0:amd64					
libapparmor1:amd64				
libappindicator3-1				
libappstream-glib8:amd64			
libappstream4:amd64				
libapr1:amd64					
libaprutil1:amd64				
libapt-pkg6.0:amd64				
libarchive13:amd64				
libargon2-1:amd64				
libaribb24-0:amd64				
libart-2.0-2:amd64				
libasan4:amd64					
libasan5:amd64					
libasn1-8-heimdal:amd64				
libasound2:amd64				
libasound2-data					
libasound2-plugins:amd64			
libaspell15:amd64				
libass9:amd64					
libassuan0:amd64				
libasyncns0:amd64				
libatasmart4:amd64				
libatk-adaptor:amd64				
libatk-bridge2.0-0:amd64			
libatk-wrapper-java				
libatk-wrapper-java-jni:amd64			
libatk1.0-0:amd64				
libatk1.0-data					
libatkmm-1.6-1v5:amd64				
libatm1:amd64					
libatomic1:amd64				
libatopology2:amd64				
libatrildocument3				
libatrilview3					
libatspi2.0-0:amd64				
libattr1:amd64					
libaudio2:amd64					
libaudit-common					
libaudit1:amd64					
libauthen-sasl-perl				
libavahi-client3:amd64				
libavahi-common-data:amd64			
libavahi-common3:amd64				
libavahi-core7:amd64				
libavahi-glib1:amd64				
libavahi-ui-gtk3-0:amd64			
libavc1394-0:amd64				
libavcodec-extra:amd64				
libavcodec-extra58:amd64			
libavdevice58:amd64				
libavfilter7:amd64				
libavformat58:amd64				
libavresample4:amd64				
libavutil56:amd64				
libb-hooks-endofscope-perl			
libb-hooks-op-check-perl			
libbabeltrace1:amd64				
libbamf3-2:amd64				
libbdplus0:amd64				
libbinutils:amd64				
libblas3:amd64					
libblkid1:amd64					
libblockdev-crypto2:amd64			
libblockdev-fs2:amd64				
libblockdev-loop2:amd64				
libblockdev-part-err2:amd64			
libblockdev-part2:amd64				
libblockdev-swap2:amd64				
libblockdev-utils2:amd64			
libblockdev2:amd64				
libbluetooth3:amd64				
libbluray2:amd64				
libboost-date-time1.71.0:amd64			
libboost-filesystem1.71.0:amd64			
libboost-filesystem1.72.0:amd64			
libboost-iostreams1.71.0:amd64			
libboost-locale1.71.0:amd64			
libboost-thread1.71.0:amd64			
libbrlapi0.7:amd64				
libbrotli1:amd64				
libbs2b0:amd64					
libbsd0:amd64					
libbsd0:i386					
libbz2-1.0:amd64				
libc++1:amd64					
libc++1-10:amd64				
libc++abi1-10:amd64				
libc-ares2:amd64				
libc-bin					
libc-dev-bin					
libc6:amd64					
libc6:i386					
libc6-dbg:amd64					
libc6-dev:amd64					
libcaca0:amd64					
libcairo-gobject-perl				
libcairo-gobject2:amd64				
libcairo-perl					
libcairo2:amd64					
libcairomm-1.0-1v5:amd64			
libcaja-extension1:amd64			
libcamel-1.2-62:amd64				
libcanberra-gtk3-0:amd64			
libcanberra-gtk3-module:amd64			
libcanberra-pulse:amd64				
libcanberra0:amd64				
libcap-ng0:amd64				
libcap2:amd64					
libcap2-bin					
libcbor0.6:amd64				
libcc1-0:amd64					
libcdio-cdda2:amd64				
libcdio-paranoia2:amd64				
libcdio18:amd64					
libcdparanoia0:amd64				
libcdr-0.1-1:amd64				
libcgi-fast-perl				
libcgi-pm-perl					
libcheese-gtk25:amd64				
libcheese8:amd64				
libchromaprint1:amd64				
libcilkrts5:amd64				
libclass-accessor-perl				
libclass-c3-perl				
libclass-c3-xs-perl				
libclass-data-inheritable-perl			
libclass-method-modifiers-perl			
libclass-xsaccessor-perl			
libclucene-contribs1v5:amd64			
libclucene-core1v5:amd64			
libclutter-1.0-0:amd64				
libclutter-1.0-common				
libclutter-gst-3.0-0:amd64			
libclutter-gtk-1.0-0:amd64			
libcmis-0.5-5v5					
libcodec2-0.9:amd64				
libcogl-common					
libcogl-pango20:amd64				
libcogl-path20:amd64				
libcogl20:amd64					
libcolamd2:amd64				
libcolord-gtk1:amd64				
libcolord2:amd64				
libcolorhug2:amd64				
libcom-err2:amd64				
libcpan-changes-perl				
libcrack2:amd64					
libcrypt-dev:amd64				
libcrypt1:amd64					
libcrypt1:i386					
libcryptsetup12:amd64				
libctf-nobfd0:amd64				
libctf0:amd64					
libcue2:amd64					
libcups2:amd64					
libcupsfilters1:amd64				
libcupsimage2:amd64				
libcurl3-gnutls:amd64				
libcurl4:amd64					
libcwidget4:amd64				
libdaemon0:amd64				
libdata-dump-perl				
libdata-optlist-perl				
libdata-perl-perl				
libdata-section-perl				
libdatrie1:amd64				
libdazzle-1.0-0:amd64				
libdb5.3:amd64					
libdbus-1-3:amd64				
libdbus-glib-1-2:amd64				
libdbusmenu-glib4:amd64				
libdbusmenu-gtk3-4:amd64			
libdbusmenu-gtk4:amd64				
libdc1394-22:amd64				
libdca0:amd64					
libdconf1:amd64					
libde265-0:amd64				
libdebconfclient0:amd64				
libdee-1.0-4:amd64				
libdevel-callchecker-perl			
libdevel-caller-perl				
libdevel-globaldestruction-perl			
libdevel-lexalias-perl				
libdevel-stacktrace-perl			
libdevmapper1.02.1:amd64			
libdist-checkconflicts-perl			
libdjvulibre-text				
libdjvulibre21:amd64				
libdmapsharing-3.0-2:amd64			
libdns-export1109				
libdotconf0:amd64				
libdouble-conversion3:amd64			
libdpkg-perl					
libdrm-amdgpu1:amd64				
libdrm-common					
libdrm-intel1:amd64				
libdrm-nouveau2:amd64				
libdrm-radeon1:amd64				
libdrm2:amd64					
libdsfmt-19937-1:amd64				
libdv4:amd64					
libdvdnav4:amd64				
libdvdread7:amd64				
libdw1:amd64					
libdynaloader-functions-perl			
libe-book-0.1-1:amd64				
libebackend-1.2-10:amd64			
libebook-1.2-20:amd64				
libebook-contacts-1.2-3:amd64			
libebur128-1:amd64				
libecal-2.0-1:amd64				
libedata-book-1.2-26:amd64			
libedata-cal-2.0-1:amd64			
libedataserver-1.2-24:amd64			
libedataserverui-1.2-2:amd64			
libedit2:amd64					
libefiboot1:amd64				
libefivar1:amd64				
libegl-mesa0:amd64				
libegl1:amd64					
libegl1-mesa:amd64				
libelf1:amd64					
libemail-date-format-perl			
libenchant-2-2:amd64				
libencode-locale-perl				
libeot0:amd64					
libepoxy0:amd64					
libepubgen-0.1-1:amd64				
liberror-perl					
libespeak-ng1:amd64				
libestr0:amd64					
libetonyek-0.1-1:amd64				
libeval-closure-perl				
libevdev2:amd64					
libevdocument3-4:amd64				
libevent-2.1-7:amd64				
libevent-core-2.1-7:amd64			
libevent-dev					
libevent-extra-2.1-7:amd64			
libevent-openssl-2.1-7:amd64			
libevent-pthreads-2.1-7:amd64			
libevview3-3:amd64				
libexception-class-perl				
libexempi8:amd64				
libexif12:amd64					
libexiv2-27:amd64				
libexpat1:amd64					
libexpat1-dev:amd64				
libexporter-tiny-perl				
libext2fs2:amd64				
libexttextcat-2.0-0:amd64			
libexttextcat-data				
libextutils-depends-perl			
libextutils-pkgconfig-perl			
libfaad2:amd64					
libfakeroot:amd64				
libfastjson4:amd64				
libfcgi-perl					
libfcitx-config4:amd64				
libfcitx-gclient1:amd64				
libfcitx-utils0:amd64				
libfdisk1:amd64					
libffi7:amd64					
libfftw3-double3:amd64				
libfftw3-single3:amd64				
libfido2-1:amd64				
libfile-basedir-perl				
libfile-desktopentry-perl			
libfile-fcntllock-perl				
libfile-homedir-perl				
libfile-listing-perl				
libfile-mimeinfo-perl				
libfile-slurp-perl				
libfile-which-perl				
libfl-dev:amd64					
libfl2:amd64					
libflac8:amd64					
libflite1:amd64					
libfluidsynth2:amd64				
libfont-afm-perl				
libfontconfig1:amd64				
libfontembed1:amd64				
libfontenc1:amd64				
libfprint-2-2:amd64				
libfreehand-0.1-1				
libfreerdp-client2-2:amd64			
libfreerdp2-2:amd64				
libfreetype6:amd64				
libfribidi0:amd64				
libfuse2:amd64					
libfwupd2:amd64					
libfwupdplugin1:amd64				
libgail-common:amd64				
libgail18:amd64					
libgamemode0					
libgamemodeauto0				
libgbm1:amd64					
libgc1c2:amd64					
libgcab-1.0-0:amd64				
libgcc-7-dev:amd64				
libgcc-9-dev:amd64				
libgcc-s1:amd64					
libgcc-s1:i386					
libgcc1						
libgck-1-0:amd64				
libgconf-2-4:amd64				
libgcr-base-3-1:amd64				
libgcr-ui-3-1:amd64				
libgcrypt20:amd64				
libgd3:amd64					
libgdata-common					
libgdata22:amd64				
libgdbm-compat4:amd64				
libgdbm6:amd64					
libgdk-pixbuf2.0-0:amd64			
libgdk-pixbuf2.0-bin				
libgdk-pixbuf2.0-common				
libgdm1						
libgee-0.8-2:amd64				
libgeoclue-2-0:amd64				
libgeocode-glib0:amd64				
libgeonames-common				
libgeonames0:amd64				
libgetopt-long-descriptive-perl			
libgexiv2-2:amd64				
libgfortran-9-dev:amd64				
libgfortran5:amd64				
libgif7:amd64					
libgirepository-1.0-1:amd64			
libgit2-28:amd64				
libgjs0g:amd64					
libgl1:amd64					
libgl1-mesa-dri:amd64				
libgl1-mesa-glx:amd64				
libglade2-0:amd64				
libglapi-mesa:amd64				
libgles2:amd64					
libglib-object-introspection-perl		
libglib-perl:amd64				
libglib2.0-0:amd64				
libglib2.0-bin					
libglib2.0-data					
libglibmm-2.4-1v5:amd64				
libglu1-mesa:amd64				
libglvnd0:amd64					
libglx-mesa0:amd64				
libglx0:amd64					
libgme0:amd64					
libgmp10:amd64					
libgnome-autoar-0-0:amd64			
libgnome-bluetooth13:amd64			
libgnome-desktop-3-19:amd64			
libgnome-games-support-1-3:amd64		
libgnome-games-support-common			
libgnome-menu-3-0:amd64				
libgnome-panel0					
libgnome-todo					
libgnomecanvas2-0:amd64				
libgnomecanvas2-common				
libgnomekbd-common				
libgnomekbd8:amd64				
libgnutls30:amd64				
libgoa-1.0-0b:amd64				
libgoa-1.0-common				
libgoa-backend-1.0-1:amd64			
libgom-1.0-0:amd64				
libgomp1:amd64					
libgpg-error-l10n				
libgpg-error0:amd64				
libgpgme11:amd64				
libgpgmepp6:amd64				
libgphoto2-6:amd64				
libgphoto2-l10n					
libgphoto2-port12:amd64				
libgpm2:amd64					
libgpod-common					
libgpod4:amd64					
libgraphene-1.0-0:amd64				
libgraphite2-3:amd64				
libgrilo-0.3-0:amd64				
libgromacs5:amd64				
libgs9:amd64					
libgs9-common					
libgsf-1-114:amd64				
libgsf-1-common					
libgsm1:amd64					
libgsound0:amd64				
libgspell-1-2:amd64				
libgspell-1-common				
libgssapi-krb5-2:amd64				
libgssapi3-heimdal:amd64			
libgssdp-1.2-0:amd64				
libgstreamer-gl1.0-0:amd64			
libgstreamer-plugins-bad1.0-0:amd64		
libgstreamer-plugins-base1.0-0:amd64		
libgstreamer-plugins-good1.0-0:amd64		
libgstreamer1.0-0:amd64				
libgtk-3-0:amd64				
libgtk-3-bin					
libgtk-3-common					
libgtk2.0-0:amd64				
libgtk2.0-bin					
libgtk2.0-common				
libgtk3-perl					
libgtkglext1:amd64				
libgtkmm-3.0-1v5:amd64				
libgtksourceview-4-0:amd64			
libgtksourceview-4-common			
libgtop-2.0-11:amd64				
libgtop2-common					
libgudev-1.0-0:amd64				
libgupnp-1.2-0:amd64				
libgupnp-av-1.0-2				
libgupnp-dlna-2.0-3				
libgupnp-igd-1.0-4:amd64			
libgusb2:amd64					
libgweather-3-16:amd64				
libgweather-common				
libgxps2:amd64					
libhandy-0.0-0:amd64				
libharfbuzz-icu0:amd64				
libharfbuzz0b:amd64				
libhcrypto4-heimdal:amd64			
libhdf4-0					
libhdf5-103:amd64				
libheimbase1-heimdal:amd64			
libheimntlm0-heimdal:amd64			
libhogweed5:amd64				
libhpmud0:amd64					
libhtml-form-perl				
libhtml-format-perl				
libhtml-parser-perl				
libhtml-tagset-perl				
libhtml-template-perl				
libhtml-tree-perl				
libhttp-cookies-perl				
libhttp-daemon-perl				
libhttp-date-perl				
libhttp-message-perl				
libhttp-negotiate-perl				
libhttp-parser2.9:amd64				
libhunspell-1.6-0:amd64				
libhunspell-1.7-0:amd64				
libhwloc-plugins:amd64				
libhwloc15:amd64				
libhx509-5-heimdal:amd64			
libhyphen0:amd64				
libibus-1.0-5:amd64				
libical3:amd64					
libice-dev:amd64				
libice6:amd64					
libicu-dev:amd64				
libicu60:amd64					
libicu66:amd64					
libidn11:amd64					
libidn2-0:amd64					
libidn2-0:i386					
libido3-0.1-0:amd64				
libiec61883-0:amd64				
libieee1284-3:amd64				
libigdgmm11:amd64				
libijs-0.35:amd64				
libilmbase24:amd64				
libimagequant0:amd64				
libimobiledevice6:amd64				
libimport-into-perl				
libindicator3-7					
libinput-bin					
libinput10:amd64				
libinstpatch-1.0-2:amd64			
libio-html-perl					
libio-socket-inet6-perl				
libio-socket-ssl-perl				
libio-string-perl				
libio-stringy-perl				
libip4tc2:amd64					
libip6tc2:amd64					
libipc-shareable-perl				
libipc-system-simple-perl			
libisc-export1105:amd64				
libisl22:amd64					
libitm1:amd64					
libiw30:amd64					
libjack-jackd2-0:amd64				
libjansson4:amd64				
libjavascriptcoregtk-4.0-18:amd64		
libjbig0:amd64					
libjbig2dec0:amd64				
libjgraph-java					
libjhdf4-java					
libjhdf4-jni					
libjhdf5-java					
libjhdf5-jni					
libjpeg-turbo8:amd64				
libjpeg62:amd64					
libjpeg8:amd64					
libjs-backbone					
libjs-bootstrap					
libjs-bootstrap-tour				
libjs-codemirror				
libjs-es6-promise				
libjs-inherits					
libjs-is-typedarray				
libjs-jed					
libjs-jquery					
libjs-jquery-typeahead				
libjs-jquery-ui					
libjs-marked					
libjs-mathjax					
libjs-moment					
libjs-psl					
libjs-requirejs					
libjs-requirejs-text				
libjs-source-map				
libjs-text-encoding				
libjs-typedarray-to-buffer			
libjs-underscore				
libjs-xterm					
libjson-c4:amd64				
libjson-glib-1.0-0:amd64			
libjson-glib-1.0-common				
libjuh-java					
libjulia1					
libjurt-java					
libk5crypto3:amd64				
libkate1:amd64					
libkeyutils1:amd64				
libklibc:amd64					
libkmod2:amd64					
libkpathsea6:amd64				
libkrb5-26-heimdal:amd64			
libkrb5-3:amd64					
libkrb5support0:amd64				
libksba8:amd64					
liblangtag-common				
liblangtag1:amd64				
liblapack3:amd64				
liblcms2-2:amd64				
liblcms2-utils					
libldap-2.4-2:amd64				
libldap-common					
libldap2-dev:amd64				
libldb2:amd64					
liblightdm-gobject-1-0:amd64			
liblilv-0-0:amd64				
liblirc-client0:amd64				
liblist-moreutils-perl				
libllvm11:amd64					
libllvm6.0:amd64				
libllvm8:amd64					
liblmdb0:amd64					
liblocale-gettext-perl				
liblog-dispatch-perl				
liblog-log4perl-perl				
liblog4cxx10v5:amd64				
liblouis-data					
liblouis20:amd64				
liblouisutdml-bin				
liblouisutdml-data				
liblouisutdml9:amd64				
liblsan0:amd64					
libltdl7:amd64					
liblua5.3-0:amd64				
liblwp-mediatypes-perl				
liblwp-protocol-https-perl			
liblz4-1:amd64					
liblzma5:amd64					
liblzo2-2:amd64					
libmagic-mgc					
libmagic1:amd64					
libmail-sendmail-perl				
libmailtools-perl				
libmaxminddb0:amd64				
libmbedcrypto3:amd64				
libmbedtls12:amd64				
libmbedx509-0:amd64				
libmbim-glib4:amd64				
libmbim-proxy					
libmediaart-2.0-0:amd64				
libmessaging-menu0:amd64			
libmhash2:amd64					
libmime-charset-perl				
libmime-lite-perl				
libmime-types-perl				
libminiupnpc17:amd64				
libmjpegutils-2.1-0:amd64			
libmm-glib0:amd64				
libmms0:amd64					
libmnl0:amd64					
libmodplug1:amd64				
libmodule-build-perl				
libmodule-implementation-perl			
libmodule-runtime-perl				
libmodule-signature-perl			
libmoo-perl					
libmoox-handlesvia-perl				
libmount1:amd64					
libmozjs-68-0:amd64				
libmp3lame0:amd64				
libmpc3:amd64					
libmpcdec6:amd64				
libmpdec2:amd64					
libmpeg2-4:amd64				
libmpeg2encpp-2.1-0:amd64			
libmpfr6:amd64					
libmpg123-0:amd64				
libmplex2-2.1-0:amd64				
libmpx2:amd64					
libmro-compat-perl				
libmspack0:amd64				
libmspub-0.1-1:amd64				
libmtdev1:amd64					
libmtp-common					
libmtp-runtime					
libmtp9:amd64					
libmutter-6-0:amd64				
libmwaw-0.3-3:amd64				
libmysofa1:amd64				
libmythes-1.2-0:amd64				
libnamespace-autoclean-perl			
libnamespace-clean-perl				
libnatpmp1:amd64				
libnautilus-extension1a:amd64			
libncurses6:amd64				
libncursesw6:amd64				
libndp0:amd64					
libneon27-gnutls:amd64				
libnet-dbus-perl				
libnet-http-perl				
libnet-libidn-perl				
libnet-smtp-ssl-perl				
libnet-ssleay-perl				
libnetfilter-conntrack3:amd64			
libnetplan0:amd64				
libnettle7:amd64				
libnewt0.52:amd64				
libnfnetlink0:amd64				
libnfs13:amd64					
libnftnl11:amd64				
libnghttp2-14:amd64				
libnice10:amd64					
libnih1:amd64					
libnl-3-200:amd64				
libnl-genl-3-200:amd64				
libnl-route-3-200:amd64				
libnm0:amd64					
libnma0:amd64					
libnode-dev:amd64				
libnode64:amd64					
libnorm1:amd64					
libnotify-bin					
libnotify4:amd64				
libnpth0:amd64					
libnspr4:amd64					
libnss-mdns:amd64				
libnss-systemd:amd64				
libnss3:amd64					
libntfs-3g883					
libnuma1:amd64					
libodfgen-0.1-1:amd64				
libofa0:amd64					
libogg0:amd64					
libopenal-data					
libopenal1:amd64				
libopencore-amrnb0:amd64			
libopencore-amrwb0:amd64			
libopenexr24:amd64				
libopenjp2-7:amd64				
libopenlibm3:amd64				
libopenmpt0:amd64				
libopus0:amd64					
liborc-0.4-0:amd64				
liborcus-0.15-0:amd64				
libostree-1-1:amd64				
libp11-kit0:amd64				
libpackage-stash-perl				
libpackage-stash-xs-perl			
libpackagekit-glib2-18:amd64			
libpadwalker-perl				
libpagemaker-0.0-0:amd64			
libpam-cap:amd64				
libpam-fprintd:am
libpam-gnome-keyring:amd64			
libpam-modules:amd64				
libpam-modules-bin				
libpam-runtime					
libpam-systemd:amd64				
libpam0g:amd64					
libpango-1.0-0:amd64				
libpangocairo-1.0-0:amd64			
libpangoft2-1.0-0:amd64				
libpangomm-1.4-1v5:amd64			
libpangox-1.0-0:amd64				
libpangoxft-1.0-0:amd64				
libpaper-utils					
libpaper1:amd64					
libparams-classify-perl				
libparams-util-perl				
libparams-validate-perl				
libparams-validationcompiler-perl		
libparse-debianchangelog-perl			
libparted-fs-resize0:amd64			
libparted2:amd64				
libpath-tiny-perl				
libpcap0.8:amd64				
libpcaudio0:amd64				
libpci3:amd64					
libpciaccess0:amd64				
libpcre2-16-0:amd64				
libpcre2-32-0:amd64				
libpcre2-8-0:amd64				
libpcre3:amd64					
libpcsclite1:amd64				
libpeas-1.0-0:amd64				
libpeas-common					
libperl5.30:amd64				
libpgm-5.2-0:amd64				
libphonenumber7:amd64				
libpipeline1:amd64				
libpixman-1-0:amd64				
libpkcs11-helper1:amd64				
libplist3:amd64					
libplymouth5:amd64				
libpng16-16:amd64				
libpod-markdown-perl				
libpod-readme-perl				
libpolkit-agent-1-0:amd64			
libpolkit-gobject-1-0:amd64			
libpoppler-cpp0v5:amd64				
libpoppler-glib8:amd64				
libpoppler97:amd64				
libpopt0:amd64					
libpostproc55:amd64				
libpq-dev					
libpq5:amd64					
libprocps8:amd64				
libprotobuf17:amd64				
libproxy1-plugin-gsettings:amd64		
libproxy1-plugin-networkmanager:amd64		
libproxy1v5:amd64				
libpsl5:amd64					
libpthread-stubs0-dev:amd64			
libpulse-mainloop-glib0:amd64			
libpulse0:amd64					
libpulsedsp:amd64				
libpwquality-common				
libpwquality1:amd64				
libpython2-stdlib:amd64				
libpython2.7-minimal:amd64			
libpython2.7-stdlib:amd64			
libpython3-dev:amd64				
libpython3-stdlib:amd64				
libpython3.8:amd64				
libpython3.8-dev:amd64				
libpython3.8-minimal:amd64			
libpython3.8-stdlib:amd64			
libqmi-glib5:amd64				
libqmi-proxy					
libqpdf26:amd64					
libqqwing2v5:amd64				
libqt5charts5:amd64				
libqt5concurrent5:amd64				
libqt5core5a:amd64				
libqt5dbus5:amd64				
libqt5gui5:amd64				
libqt5network5:amd64				
libqt5positioning5:amd64			
libqt5printsupport5:amd64			
libqt5qml5:amd64				
libqt5quick5:amd64				
libqt5script5:amd64				
libqt5scripttools5:amd64			
libqt5sensors5:amd64				
libqt5svg5:amd64				
libqt5webchannel5:amd64				
libqt5webkit5:amd64				
libqt5widgets5:amd64				
libqt5x11extras5:amd64				
libqt5xml5:amd64				
libquadmath0:amd64				
libraptor2-0:amd64				
librasqal3:amd64				
libraw1394-11:amd64				
libraw19:amd64					
librdf0:amd64					
libreadline8:amd64				
libreadonly-perl				
libref-util-perl				
libref-util-xs-perl				
libreoffice-base-core				
libreoffice-calc				
libreoffice-common				
libreoffice-core				
libreoffice-draw				
libreoffice-gnome				
libreoffice-gtk3				
libreoffice-help-common				
libreoffice-help-en-gb				
libreoffice-help-en-us				
libreoffice-impress				
libreoffice-l10n-en-gb				
libreoffice-l10n-en-za				
libreoffice-math				
libreoffice-ogltrans				
libreoffice-pdfimport				
libreoffice-style-breeze			
libreoffice-style-colibre			
libreoffice-style-elementary			
libreoffice-style-tango				
libreoffice-writer				
librest-0.7-0:amd64				
librevenge-0.0-0:amd64				
librhythmbox-core10:amd64			
libridl-java					
libroken18-heimdal:amd64			
librole-tiny-perl				
librsvg2-2:amd64				
librsvg2-common:amd64				
librsync2:amd64					
librtmp1:amd64					
librubberband2:amd64				
librygel-core-2.6-2:amd64			
librygel-db-2.6-2:amd64				
librygel-renderer-2.6-2:amd64			
librygel-server-2.6-2:amd64			
libsamplerate0:amd64				
libsane:amd64					
libsane-common					
libsane-hpaio:amd64				
libsasl2-2:amd64				
libsasl2-dev					
libsasl2-modules:amd64				
libsasl2-modules-db:amd64			
libsasl2-modules-gssapi-mit:amd64		
libsbc1:amd64					
libsdl2-2.0-0:amd64				
libseccomp2:amd64				
libsecret-1-0:amd64				
libsecret-common				
libselinux1:amd64				
libsemanage-common				
libsemanage1:amd64				
libsensors-config				
libsensors5:amd64				
libsepol1:amd64					
libserd-0-0:amd64				
libsgutils2-2					
libshine3:amd64					
libshout3:amd64					
libsidplay1v5:amd64				
libsigc++-2.0-0v5:amd64				
libsigsegv2:amd64				
libslang2:amd64					
libslf4j-java					
libsm-dev:amd64					
libsm6:amd64					
libsmartcols1:amd64				
libsmbclient:amd64				
libsmbios-c2					
libsnapd-glib1:amd64				
libsnappy1v5:amd64				
libsndfile1:amd64				
libsndio7.0:amd64				
libsnmp-base					
libsnmp35:amd64					
libsocket6-perl					
libsodium23:amd64				
libsoftware-license-perl			
libsombok3:amd64				
libsonic0:amd64					
libsord-0-0:amd64				
libsoundtouch1:amd64				
libsoup-gnome2.4-1:amd64			
libsoup2.4-1:amd64				
libsoxr0:amd64					
libspandsp2:amd64				
libspecio-perl					
libspectre1:amd64				
libspeechd2:amd64				
libspeex1:amd64					
libspeexdsp1:amd64				
libsratom-0-0:amd64				
libsrt1:amd64					
libsrtp2-1:amd64				
libss2:amd64					
libssh-4:amd64					
libssh-gcrypt-4:amd64				
libssh2-1:amd64					
libssl-dev:amd64				
libssl1.1:amd64					
libsss-nss-idmap0				
libstartup-notification0:amd64			
libstdc++-9-dev:amd64				
libstdc++6:amd64				
libstemmer0d:amd64				
libstrictures-perl				
libsub-exporter-perl				
libsub-exporter-progressive-perl		
libsub-identify-perl				
libsub-install-perl				
libsub-name-perl				
libsub-quote-perl				
libsuitesparseconfig5:amd64			
libswresample3:amd64				
libswscale5:amd64				
libsynctex2:amd64				
libsys-hostname-long-perl			
libsysmetrics1:amd64				
libsystemd0:amd64				
libsz2:amd64					
libtag1v5:amd64					
libtag1v5-vanilla:amd64				
libtalloc2:amd64				
libtasn1-6:amd64				
libtdb1:amd64					
libteamdctl0:amd64				
libtepl-4-0:amd64				
libtevent0:amd64				
libtext-charwidth-perl				
libtext-iconv-perl				
ibtext-wrapi18n-perl				
ibtext-template-perl				
ibthai-data					
ibthai0:amd64					
ibtheora0:amd64				
ibtie-ixhash-perl				
ibtiff5:amd64					
ibtimedate-perl				
ibtimezonemap-data				
ibtimezonemap1:amd64				
ibtinfo6:amd64					
ibtotem-plparser-common			
ibtotem-plparser18:amd64			
ibtotem0:amd64					
ibtracker-control-2.0-0:amd64			
ibtracker-miner-2.0-0:amd64			
ibtracker-sparql-2.0-0:amd64			
ibtry-tiny-perl				
ibtsan0:amd64					
ibtss2-esys0					
ibtwolame0:amd64				
ibtype-tiny-perl				
ibtype-tiny-xs-perl				
ibu2f-udev					
ibubsan0:amd64					
ibubsan1:amd64					
ibuchardet0:amd64				
ibudev1:amd64					
ibudisks2-0:amd64				
ibunicode-linebreak-perl			
ibunicode-utf8-perl				
ibunistring2:amd64				
ibunistring2:i386				
ibunity-control-center1			
ibunity-gtk2-parser0:amd64			
ibunity-gtk3-parser0:amd64			
ibunity-protocol-private0:amd64		
ibunity-scopes-json-def-desktop		
ibunity-settings-daemon1:amd64			
ibunity9:amd64					
ibuno-cppu3					
ibuno-cppuhelpergcc3-3				
ibuno-purpenvhelpergcc3-3			
ibuno-sal3					
ibuno-salhelpergcc3-3				
ibunoloader-java				
ibunwind8:amd64				
ibupower-glib3:amd64				
iburi-escape-xs-perl				
iburi-perl					
iburiparser1:amd64				
iburl-dispatcher1:amd64			
ibusb-1.0-0:amd64				
ibusbmuxd6:amd64				
ibusrsctp1:amd64				
ibutf8proc2:amd64				
ibuuid1:amd64					
ibuv1:amd64					
ibuv1-dev:amd64				
ibv4l-0:amd64					
ibv4lconvert0:amd64				
ibva-drm2:amd64				
ibva-wayland2:amd64				
ibva-x11-2:amd64				
ibva2:amd64					
ibvariable-magic-perl				
ibvdpau1:amd64					
ibvidstab1.1:amd64				
ibvisio-0.1-1:amd64				
ibvisual-0.4-0:amd64				
ibvncclient1:amd64				
ibvo-aacenc0:amd64				
ibvo-amrwbenc0:amd64				
ibvolume-key1					
ibvorbis0a:amd64				
ibvorbisenc2:amd64				
ibvorbisfile3:amd64				
ibvpx6:amd64					
ibvte-2.91-0:amd64				
ibvte-2.91-common				
ibvulkan1:amd64				
ibwacom-bin					
ibwacom-common					
ibwacom2:amd64					
ibwavpack1:amd64				
ibwayland-client0:amd64			
ibwayland-cursor0:amd64			
ibwayland-egl1:amd64				
ibwayland-egl1-mesa:amd64			
ibwayland-server0:amd64			
ibwbclient0:amd64				
ibwebkit2gtk-4.0-37:amd64			
ibwebp6:amd64					
ibwebpdemux2:amd64				
ibwebpmux3:amd64				
ibwebrtc-audio-processing1:amd64		
ibwhoopsie-preferences0			
ibwhoopsie0:amd64				
ibwildmidi2:amd64				
ibwind0-heimdal:amd64				
ibwinpr2-2:amd64				
ibwmf0.2-7:amd64				
ibwmf0.2-7-gtk					
ibwnck-3-0:amd64				
ibwnck-3-common				
ibwoff1:amd64					
ibwpd-0.10-10:amd64				
ibwpg-0.3-3:amd64				
ibwps-0.4-4:amd64				
ibwrap0:amd64					
ibwww-perl					
ibwww-robotrules-perl				
ibx11-6:amd64					
ibx11-6:i386					
ibx11-data					
ibx11-dev:amd64				
ibx11-protocol-perl				
ibx11-xcb1:amd64				
ibx264-155:amd64				
ibx265-179:amd64				
ibxapian30:amd64				
ibxatracker2:amd64				
ibxau-dev:amd64				
ibxau6:amd64					
ibxau6:i386					
ibxaw7:amd64					
ibxcb-dri2-0:amd64				
ibxcb-dri3-0:amd64				
ibxcb-glx0:amd64				
ibxcb-icccm4:amd64				
ibxcb-image0:amd64				
ibxcb-keysyms1:amd64				
ibxcb-present0:amd64				
ibxcb-randr0:amd64				
ibxcb-render-util0:amd64			
ibxcb-render0:amd64				
ibxcb-res0:amd64				
ibxcb-shape0:amd64				
ibxcb-shm0:amd64				
ibxcb-sync1:amd64				
ibxcb-util1:amd64				
ibxcb-xfixes0:amd64				
ibxcb-xinerama0:amd64				
ibxcb-xinput0:amd64				
ibxcb-xkb1:amd64				
ibxcb-xv0:amd64				
ibxcb1:amd64					
ibxcb1:i386					
ibxcb1-dev:amd64				
ibxcomposite1:amd64				
ibxcursor1:amd64				
ibxdamage1:amd64				
ibxdmcp-dev:amd64				
ibxdmcp6:amd64					
ibxdmcp6:i386					
ibxext6:amd64					
ibxext6:i386					
ibxfixes3:amd64				
ibxfont2:amd64					
ibxft2:amd64					
ibxi6:amd64					
ibxinerama1:amd64				
ibxkbcommon-x11-0:amd64			
ibxkbcommon0:amd64				
ibxkbfile1:amd64				
ibxklavier16:amd64				
ibxml-parser-perl				
ibxml-twig-perl				
ibxml-xpathengine-perl				
ibxml2:amd64					
ibxml2-dev:amd64				
ibxmlb1:amd64					
ibxmlsec1:amd64				
ibxmlsec1-nss:amd64				
ibxmu6:amd64					
ibxmuu1:amd64					
ibxnvctrl0:amd64				
ibxpm4:amd64					
ibxrandr2:amd64				
ibxrender1:amd64				
ibxres1:amd64					
ibxshmfence1:amd64				
ibxslt1-dev:amd64				
ibxslt1.1:amd64				
ibxss1:amd64					
ibxstring-perl					
ibxt-dev:amd64					
ibxt6:amd64					
ibxtables12:amd64				
ibxtst6:amd64					
ibxv1:amd64					
ibxvidcore4:amd64				
ibxvmc1:amd64					
ibxxf86dga1:amd64				
ibxxf86vm1:amd64				
ibyajl2:amd64					
ibyaml-0-2:amd64				
ibyaml-tiny-perl				
ibyelp0:amd64					
ibzbar0:amd64					
ibzeitgeist-2.0-0:amd64			
ibzita-convolver3:amd64			
ibzmq5:amd64					
ibzstd1:amd64					
ibzvbi-common					
ibzvbi0:amd64					
ibzzip-0-13:amd64				
ocales						
ogin						
ogrotate					
ogsave						
p-solve					
sb-base					
sb-release					
shw						
sof						
sp-plugins-lv2					
trace						
z4						
4						
ake						
an-db						
anpages					
anpages-dev					
awk						
edia-player-info				
emtest86+					
endeleydesktop					
esa-va-drivers:amd64				
esa-vdpau-drivers:amd64			
esa-vulkan-drivers:amd64			
iktex						
ime-support					
obile-broadband-provider-info			
odemmanager					
okutil						
ount						
ousetweaks					
scompress					
tools						
tr-tiny					
utter						
utter-common					
ythes-en-au					
ythes-en-us					
ano						
autilus					
autilus-data					
autilus-extension-gnome-terminal		
autilus-sendto					
autilus-share					
curses-base					
curses-bin					
curses-term					
etbase						
etcat-openbsd					
etplan.io					
etwork-manager					
etwork-manager-config-connectivity-ubuntu	
etwork-manager-gnome				
etwork-manager-openvpn				
etwork-manager-openvpn-gnome			
etwork-manager-pptp				
etwork-manager-pptp-gnome			
etworkd-dispatcher				
ode-abbrev					
ode-ajv					
ode-ansi					
ode-ansi-align					
ode-ansi-regex					
ode-ansi-styles				
ode-ansistyles					
ode-aproba					
ode-archy					
ode-are-we-there-yet				
ode-asap					
ode-asn1					
ode-assert-plus				
ode-asynckit					
ode-aws-sign2					
ode-aws4					
ode-balanced-match				
ode-bcrypt-pbkdf				
ode-bl						
ode-bluebird					
ode-boxen					
ode-brace-expansion				
ode-builtin-modules				
ode-builtins					
ode-cacache					
ode-call-limit					
ode-camelcase					
ode-caseless					
ode-chalk					
ode-chownr					
ode-ci-info					
ode-cli-boxes					
ode-cliui					
ode-clone					
ode-co						
ode-color-convert				
ode-color-name					
ode-colors					
ode-columnify					
ode-combined-stream				
ode-concat-map					
ode-concat-stream				
ode-config-chain				
ode-configstore				
ode-console-control-strings			
ode-copy-concurrently				
ode-core-util-is				
ode-cross-spawn				
ode-crypto-random-string			
ode-cyclist					
ode-dashdash					
ode-debug					
ode-decamelize					
ode-decompress-response			
ode-deep-extend				
ode-defaults					
ode-define-properties				
ode-delayed-stream				
ode-delegates					
ode-detect-indent				
ode-detect-newline				
ode-dot-prop					
ode-duplexer3					
ode-duplexify					
ode-ecc-jsbn					
ode-editor					
ode-encoding					
ode-end-of-stream				
ode-err-code					
ode-errno					
ode-es6-promise				
ode-escape-string-regexp			
ode-execa					
ode-extend					
ode-extsprintf					
ode-fast-deep-equal				
ode-find-up					
ode-flush-write-stream				
ode-forever-agent				
ode-form-data					
ode-from2					
ode-fs-vacuum					
ode-fs-write-stream-atomic			
ode-fs.realpath				
ode-function-bind				
ode-gauge					
ode-genfun					
ode-get-caller-file				
ode-get-stream					
ode-getpass					
ode-glob					
ode-got					
ode-graceful-fs				
ode-gyp					
ode-har-schema					
ode-har-validator				
ode-has-flag					
ode-has-symbol-support-x			
ode-has-to-string-tag-x			
ode-has-unicode				
ode-hosted-git-info				
ode-http-signature				
ode-iconv-lite					
ode-iferr					
ode-import-lazy				
ode-imurmurhash				
ode-inflight					
ode-inherits					
ode-ini					
ode-invert-kv					
ode-ip						
ode-ip-regex					
ode-is-npm					
ode-is-obj					
ode-is-object					
ode-is-path-inside				
ode-is-plain-obj				
ode-is-retry-allowed				
ode-is-stream					
ode-is-typedarray				
ode-isarray					
ode-isexe					
ode-isstream					
ode-isurl					
ode-jsbn					
ode-json-parse-better-errors			
ode-json-schema				
ode-json-schema-traverse			
ode-json-stable-stringify			
ode-json-stringify-safe			
ode-jsonify					
ode-jsonparse					
ode-jsonstream					
ode-jsprim					
ode-latest-version				
ode-lazy-property				
ode-lcid					
ode-less					
ode-libnpx					
ode-locate-path				
ode-lockfile					
ode-lodash					
ode-lodash-packages				
ode-lowercase-keys				
ode-lru-cache					
ode-make-dir					
ode-mem					
ode-mime					
ode-mime-types					
ode-mimic-fn					
ode-mimic-response				
ode-minimatch					
ode-minimist					
ode-mississippi				
ode-mkdirp					
ode-move-concurrently				
ode-ms						
ode-mute-stream				
ode-nopt					
ode-normalize-package-data			
ode-npm-bundled				
ode-npm-package-arg				
ode-npm-run-path				
ode-npmlog					
ode-number-is-nan				
ode-oauth-sign					
ode-object-assign				
ode-once					
ode-opener					
ode-os-locale					
ode-os-tmpdir					
ode-osenv					
ode-p-cancelable				
ode-p-finally					
ode-p-is-promise				
ode-p-limit					
ode-p-locate					
ode-p-timeout					
ode-package-json				
ode-parallel-transform				
ode-path-exists				
ode-path-is-absolute				
ode-path-is-inside				
ode-performance-now				
ode-pify					
ode-prepend-http				
ode-process-nextick-args			
ode-promise-inflight				
ode-promise-retry				
ode-promzard					
ode-proto-list					
ode-prr					
ode-pseudomap					
ode-psl					
ode-pump					
ode-pumpify					
ode-punycode					
ode-qs						
ode-qw						
ode-rc						
ode-read					
ode-read-package-json				
ode-readable-stream				
ode-registry-auth-token			
ode-registry-url				
ode-request					
ode-require-directory				
ode-require-main-filename			
ode-resolve					
ode-resolve-from				
ode-retry					
ode-rimraf					
ode-run-queue					
ode-safe-buffer				
ode-semver					
ode-semver-diff				
ode-set-blocking				
ode-sha					
ode-shebang-command				
ode-shebang-regex				
ode-signal-exit				
ode-slash					
ode-slide					
ode-sorted-object				
ode-source-map					
ode-spdx-correct				
ode-spdx-exceptions				
ode-spdx-expression-parse			
ode-spdx-license-ids				
ode-sshpk					
ode-ssri					
ode-stream-each				
ode-stream-iterate				
ode-stream-shift				
ode-strict-uri-encode				
ode-string-decoder				
ode-string-width				
ode-strip-ansi					
ode-strip-eof					
ode-strip-json-comments			
ode-supports-color				
ode-tar					
ode-term-size					
ode-text-table					
ode-through					
ode-through2					
ode-timed-out					
ode-tough-cookie				
ode-tunnel-agent				
ode-tweetnacl					
ode-typedarray					
ode-typedarray-to-buffer			
ode-typescript					
ode-uid-number					
ode-unique-filename				
ode-unique-string				
ode-unpipe					
ode-uri-js					
ode-url-parse-lax				
ode-url-to-options				
ode-util-deprecate				
ode-uuid					
ode-validate-npm-package-license		
ode-validate-npm-package-name			
ode-verror					
ode-wcwidth.js					
ode-which					
ode-which-module				
ode-wide-align					
ode-widest-line				
ode-wrap-ansi					
ode-wrappy					
ode-write-file-atomic				
ode-xdg-basedir				
ode-xtend					
ode-y18n					
ode-yallist					
ode-yargs					
ode-yargs-parser				
odejs						
odejs-doc					
otification-daemon				
pm						
tfs-3g						
cl-icd-libopencl1:amd64			
penjdk-11-jdk:amd64				
penjdk-11-jdk-headless:amd64			
penjdk-11-jre:amd64				
penjdk-11-jre-headless:amd64			
penprinting-ppds				
penssh-client					
penssh-server					
penssh-sftp-server				
penssl						
penvpn						
rca						
s-prober					
11-kit						
11-kit-modules:amd64				
ackagekit					
ackagekit-tools				
andoc						
andoc-data					
arted						
asswd						
atch						
avucontrol					
ci.ids						
ciutils					
cmciautils					
erl						
erl-base					
erl-modules-5.30				
erl-openssl-defaults:amd64			
inentry-curses					
inentry-gnome3					
kg-config					
lymouth					
lymouth-label					
lymouth-theme-spinner				
lymouth-theme-ubuntu-logo			
lymouth-theme-ubuntu-text			
olicykit-1					
olicykit-1-gnome				
olicykit-desktop-privileges			
oppler-data					
oppler-utils					
opularity-contest				
owermgmt-base					
pp						
ptp-linux					
rinter-driver-brlaser				
rinter-driver-c2esp				
rinter-driver-foo2zjs				
rinter-driver-foo2zjs-common			
rinter-driver-hpcups				
rinter-driver-m2300w				
rinter-driver-min12xxw				
rinter-driver-pnm2ppa				
rinter-driver-postscript-hp			
rinter-driver-ptouch				
rinter-driver-pxljr				
rinter-driver-sag-gdi				
rinter-driver-splix				
rocps						
smisc						
ublicsuffix					
ulseaudio					
ulseaudio-module-bluetooth			
ulseaudio-utils				
ulseeffects					
ython3						
ython3-apport					
ython3-apt					
ython3-aptdaemon				
ython3-aptdaemon.gtk3widgets			
ython3-attr					
ython3-backcall				
ython3-bcrypt					
ython3-bleach					
ython3-blinker					
ython3-brlapi:amd64				
ython3-cairo:amd64				
ython3-certifi					
ython3-cffi-backend				
ython3-chardet					
ython3-click					
ython3-colorama				
ython3-commandnotfound				
ython3-crypto					
ython3-cryptography				
ython3-cups					
ython3-cupshelpers				
ython3-dateutil				
ython3-dbus					
ython3-debconf					
ython3-debian					
ython3-decorator				
ython3-defer					
ython3-defusedxml				
ython3-dev					
ython3-distro					
ython3-distro-info				
ython3-distupgrade				
ython3-distutils				
ython3-entrypoints				
ython3-fasteners				
ython3-future					
ython3-gdbm:amd64				
ython3-gi					
ython3-gi-cairo				
ython3-html5lib				
ython3-httplib2				
ython3-ibus-1.0				
ython3-idna					
ython3-importlib-metadata			
ython3-ipykernel				
ython3-ipython					
ython3-ipython-genutils			
ython3-ipywidgets				
ython3-jedi					
ython3-jinja2					
ython3-jsonschema				
ython3-jupyter-client				
ython3-jupyter-core				
ython3-jwt					
ython3-keyring					
ython3-keyrings.alt				
ython3-launchpadlib				
ython3-lazr.restfulclient			
ython3-lazr.uri				
ython3-lib2to3					
ython3-lockfile				
ython3-louis					
ython3-macaroonbakery				
ython3-mako					
ython3-markupsafe				
ython3-minimal					
ython3-mistune					
ython3-monotonic				
ython3-more-itertools				
ython3-nacl					
ython3-nbconvert				
ython3-nbformat				
ython3-netifaces				
ython3-notebook				
ython3-oauthlib				
ython3-olefile					
ython3-pandocfilters				
ython3-paramiko				
ython3-parso					
ython3-pexpect					
ython3-pickleshare				
ython3-pil:amd64				
ython3-pip					
ython3-pkg-resources				
ython3-problem-report				
ython3-prometheus-client			
ython3-prompt-toolkit				
ython3-protobuf				
ython3-ptyprocess				
ython3-pyatspi					
ython3-pygments				
ython3-pymacaroons				
ython3-pyrsistent:amd64			
ython3-renderpm:amd64				
ython3-reportlab				
ython3-reportlab-accel:amd64			
ython3-requests				
ython3-requests-unixsocket			
ython3-rfc3339					
ython3-secretstorage				
ython3-send2trash				
ython3-setuptools				
ython3-simplejson				
ython3-six					
ython3-software-properties			
ython3-speechd					
ython3-systemd					
ython3-talloc:amd64				
ython3-terminado				
python3-testpath				
python3-tornado					
python3-traitlets				
python3-tz					
python3-uno					
python3-update-manager				
python3-urllib3					
python3-wadllib					
python3-wcwidth					
python3-webencodings				
python3-wheel					
python3-widgetsnbextension			
python3-xdg					
python3-xkit					
python3-yaml					
python3-zipp					
python3-zmq					
qml-module-qtgraphicaleffects:amd64		
qml-module-qtquick-controls:amd64		
qml-module-qtquick-dialogs:amd64		
qml-module-qtquick-layouts:amd64		
qml-module-qtquick-privatewidgets:amd64		
qml-module-qtquick-window2:amd64		
qml-module-qtquick2:amd64			
qt5-gtk-platformtheme:amd64			
qttranslations5-l10n				
readline-common					
realvnc-vnc-viewer:i386				
remmina						
remmina-common					
remmina-plugin-rdp:amd64			
remmina-plugin-secret:amd64			
remmina-plugin-vnc:amd64			
rfkill						
rhythmbox					
rhythmbox-data					
rhythmbox-plugin-alternative-toolbar		
rhythmbox-plugins				
rsync						
rsyslog						
rtkit						
rubberband-ladspa				
rygel						
samba-libs:amd64				
sane-utils					
sbsigntool					
seahorse					
secureboot-db					
sed						
sensible-utils					
session-migration				
sgml-base					
sgml-data					
shared-mime-info				
shim						
shim-signed					
shotwell					
shotwell-common					
simple-scan					
snapd						
software-properties-common			
software-properties-gtk				
sound-icons					
sound-theme-freedesktop				
speech-dispatcher				
speech-dispatcher-audio-plugins:amd64		
speech-dispatcher-espeak-ng			
spice-vdagent					
squashfs-tools					
ssh-import-id					
sshfs						
ssl-cert					
stacer						
strace						
sudo						
swig						
swig4.0						
switcheroo-control				
syslinux					
syslinux-common					
syslinux-legacy					
system-config-printer				
system-config-printer-common			
system-config-printer-udev			
systemd						
systemd-sysv					
systemd-timesyncd				
sysvinit-utils					
tar						
tcpdump						
teamviewer					
telnet						
thermald					
thunderbird					
thunderbird-gnome-support			
thunderbird-locale-en				
thunderbird-locale-en-gb			
thunderbird-locale-en-us			
time						
timgm6mb-soundfont				
totem						
totem-common					
totem-plugins					
tpm-udev					
tracker						
tracker-extract					
tracker-miner-fs				
transmission-common				
transmission-gtk				
ttf-mscorefonts-installer			
tzdata						
ubuntu-advantage-tools				
ubuntu-desktop					
ubuntu-desktop-minimal				
ubuntu-docs					
ubuntu-drivers-common				
ubuntu-keyring					
ubuntu-minimal					
ubuntu-mono					
ubuntu-release-upgrader-core			
ubuntu-release-upgrader-gtk			
ubuntu-report					
ubuntu-restricted-addons			
ubuntu-restricted-extras			
ubuntu-session					
ubuntu-settings					
ubuntu-standard					
ubuntu-system-service				
ubuntu-touch-sounds				
ubuntu-wallpapers				
ubuntu-wallpapers-focal				
ubuntu-web-launchers				
ucf						
udev						
udisks2						
ufw						
unattended-upgrades				
unity-control-center				
unity-greeter					
unity-gtk-module-common				
unity-gtk2-module:amd64				
unity-gtk3-module:amd64				
unity-settings-daemon				
unity-settings-daemon-schemas			
uno-libs-private				
unrar						
unzip						
update-inetd					
update-manager					
update-manager-core				
update-notifier					
update-notifier-common				
upower						
ure						
usb-creator-common				
usb-creator-gtk					
usb-modeswitch					
usb-modeswitch-data				
usb.ids						
usbmuxd						
usbutils					
util-linux					
uuid-runtime					
va-driver-all:amd64				
vdpau-driver-all:amd64				
vim						
vim-common					
vim-runtime					
vim-tiny					
vino						
wamerican					
wbritish					
wget						
whiptail					
whoopsie					
whoopsie-preferences				
wireless-regdb					
wireless-tools					
wkhtmltox					
wpasupplicant					
x11-apps					
x11-common					
x11-session-utils				
x11-utils					
x11-xkb-utils					
x11-xserver-utils				
x11proto-core-dev				
x11proto-dev					
xauth						
xbitmaps					
xbrlapi						
xcursor-themes					
xdg-dbus-proxy					
xdg-desktop-portal				
xdg-desktop-portal-gtk				
xdg-user-dirs					
xdg-user-dirs-gtk				
xdg-utils					
xfonts-75dpi					
xfonts-base					
xfonts-encodings				
xfonts-scalable					
xfonts-utils					
xinit						
xinput						
xkb-data					
xml-core					
xmlstarlet					
xorg						
xorg-docs-core					
xorg-sgml-doctools				
xournal						
xserver-common					
xserver-xephyr					
xserver-xorg					
xserver-xorg-core				
xserver-xorg-input-all				
xserver-xorg-input-libinput			
xserver-xorg-input-wacom			
xserver-xorg-legacy				
xserver-xorg-video-all				
xserver-xorg-video-amdgpu			
xserver-xorg-video-ati				
xserver-xorg-video-fbdev			
xserver-xorg-video-intel			
xserver-xorg-video-nouveau			
xserver-xorg-video-qxl				
xserver-xorg-video-radeon			
xserver-xorg-video-vesa				
xserver-xorg-video-vmware			
xsltproc					
xtrans-dev					
xul-ext-ubufox					
xvfb						
xwayland					
xxd						
xz-utils					
yaru-theme-gnome-shell				
yaru-theme-gtk					
yaru-theme-icon					
yaru-theme-sound				
yelp						
yelp-xsl					
zam-plugins					
zeitgeist-core					
zenity						
zenity-common					
zip						
zlib1g:amd64					
zlib1g-dev:amd64				
zsh						
zsh-common					
texlive-full
stow